{"ceiling": 3573, "resultPaper": 6499, "resultNuestro": 1919, "timeTakenPaper": 167.38333678245544, "timeTakenNosotros": 0.2569999694824219, "case": {"input": "5\t3106\t0.4139439209961735\n3\t4\n79\t22\t35\t29\t7\t68\t64\t71\t10\n94\t40\t84\t62\t20\t91\t35\t91\t87\n5\t7\n40\t28\t3\t10\t93\t14\t62\t51\t5\t47\t47\t49\t90\t65\n26\t90\t29\t59\t17\t69\t24\t20\t73\t19\t17\t47\t64\t17\n5\t8\n63\t28\t45\t25\t21\t68\t64\t2\t36\t30\t54\t40\t69\t43\t1\t66\n90\t56\t84\t59\t9\t95\t40\t53\t32\t60\t95\t52\t47\t19\t88\t78\n7\t8\n20\t35\t70\t43\t20\t68\t5\t69\t97\t58\t52\t10\n84\t32\t89\t60\t53\t10\t52\t36\t45\t36\t61\t59\n1\t8\n79\t49\t28\t94\t41\t15\t72\t89\t94\t92\t87\t50\t73\t23\n97\t53\t66\t71\t55\t70\t88\t77\t1\t11\t74\t100\t24\t37", "case": {"lowerRanks": [3, 5, 5, 7, 1], "upperRanks": [4, 7, 8, 8, 8], "nCategories": 5, "ceiling": 3573, "maxWeight": 3106, "epsilon": 0.4139439209961735, "itemMatrix": [[[79, 94], [22, 40], [35, 84], [29, 62], [7, 20], [68, 91], [64, 35], [71, 91], [10, 87]], [[40, 26], [28, 90], [3, 29], [10, 59], [93, 17], [14, 69], [62, 24], [51, 20], [5, 73], [47, 19], [47, 17], [49, 47], [90, 64], [65, 17]], [[63, 90], [28, 56], [45, 84], [25, 59], [21, 9], [68, 95], [64, 40], [2, 53], [36, 32], [30, 60], [54, 95], [40, 52], [69, 47], [43, 19], [1, 88], [66, 78]], [[20, 84], [35, 32], [70, 89], [43, 60], [20, 53], [68, 10], [5, 52], [69, 36], [97, 45], [58, 36], [52, 61], [10, 59]], [[79, 97], [49, 53], [28, 66], [94, 71], [41, 55], [15, 70], [72, 88], [89, 77], [94, 1], [92, 11], [87, 74], [50, 100], [73, 24], [23, 37]]]}}}