{"ceiling": 1910, "resultPaper": 3999, "resultNuestro": 1281, "timeTakenPaper": 5.505000591278076, "timeTakenNosotros": 0.21399831771850586, "case": {"input": "8\t2123\t0.6651588063036186\n2\t4\n59\t94\t53\t64\t33\t42\n70\t50\t45\t42\t100\t28\n2\t4\n82\t77\t46\t66\n61\t7\t25\t64\n2\t3\n75\t64\t49\t89\n89\t83\t24\t98\n1\t3\n53\t88\t33\t38\t82\t32\n3\t37\t18\t27\t86\t39\n2\t4\n34\t5\t38\t97\t53\n38\t90\t62\t72\t42\n2\t3\n35\t32\t24\t86\t74\t73\t70\n10\t12\t97\t54\t3\t3\t5\n1\t2\n4\t5\t21\t10\t41\n48\t19\t66\t82\t40\n2\t3\n70\t65\t15\n40\t77\t54", "case": {"lowerRanks": [2, 2, 2, 1, 2, 2, 1, 2], "upperRanks": [4, 4, 3, 3, 4, 3, 2, 3], "nCategories": 8, "ceiling": 1910, "maxWeight": 2123, "epsilon": 0.6651588063036186, "itemMatrix": [[[59, 70], [94, 50], [53, 45], [64, 42], [33, 100], [42, 28]], [[82, 61], [77, 7], [46, 25], [66, 64]], [[75, 89], [64, 83], [49, 24], [89, 98]], [[53, 3], [88, 37], [33, 18], [38, 27], [82, 86], [32, 39]], [[34, 38], [5, 90], [38, 62], [97, 72], [53, 42]], [[35, 10], [32, 12], [24, 97], [86, 54], [74, 3], [73, 3], [70, 5]], [[4, 48], [5, 19], [21, 66], [10, 82], [41, 40]], [[70, 40], [65, 77], [15, 54]]]}}}