{"ceiling": 4595, "resultPaper": 9399, "resultNuestro": 3125, "timeTakenPaper": 884.4193272590637, "timeTakenNosotros": 0.26199913024902344, "case": {"input": "7\t4941\t0.5403167905458011\n7\t10\n12\t87\t55\t16\t7\t28\t34\t62\t46\t73\t63\t69\t49\n14\t70\t39\t11\t6\t13\t34\t35\t29\t80\t77\t46\t16\n9\t10\n59\t66\t35\t53\t43\t76\t21\t82\t19\t25\n38\t65\t84\t45\t17\t62\t94\t99\t91\t96\n3\t5\n93\t90\t45\t26\t57\t37\t86\n58\t87\t33\t82\t6\t56\t45\n9\t10\n35\t64\t15\t74\t41\t14\t9\t35\t92\t52\t58\t98\t96\t91\t53\t33\t81\t98\n19\t10\t99\t59\t29\t59\t58\t54\t65\t15\t14\t1\t60\t97\t24\t89\t25\t32\n5\t9\n10\t42\t53\t74\t42\t9\t64\t76\t3\t64\t78\t48\t52\t41\t82\t43\t85\n81\t36\t18\t18\t66\t28\t99\t81\t22\t17\t25\t37\t21\t68\t42\t12\t66\n3\t10\n25\t74\t95\t48\t65\t15\t93\t51\t99\t3\t94\t8\t58\n17\t100\t95\t63\t74\t21\t97\t73\t49\t55\t56\t96\t17\n4\t10\n31\t4\t33\t25\t33\t31\t22\t69\t97\t36\t71\t49\t100\t79\t45\t28\n33\t57\t2\t93\t18\t30\t39\t13\t3\t91\t50\t72\t62\t29\t25\t91", "case": {"lowerRanks": [7, 9, 3, 9, 5, 3, 4], "upperRanks": [10, 10, 5, 10, 9, 10, 10], "nCategories": 7, "ceiling": 4595, "maxWeight": 4941, "epsilon": 0.5403167905458011, "itemMatrix": [[[12, 14], [87, 70], [55, 39], [16, 11], [7, 6], [28, 13], [34, 34], [62, 35], [46, 29], [73, 80], [63, 77], [69, 46], [49, 16]], [[59, 38], [66, 65], [35, 84], [53, 45], [43, 17], [76, 62], [21, 94], [82, 99], [19, 91], [25, 96]], [[93, 58], [90, 87], [45, 33], [26, 82], [57, 6], [37, 56], [86, 45]], [[35, 19], [64, 10], [15, 99], [74, 59], [41, 29], [14, 59], [9, 58], [35, 54], [92, 65], [52, 15], [58, 14], [98, 1], [96, 60], [91, 97], [53, 24], [33, 89], [81, 25], [98, 32]], [[10, 81], [42, 36], [53, 18], [74, 18], [42, 66], [9, 28], [64, 99], [76, 81], [3, 22], [64, 17], [78, 25], [48, 37], [52, 21], [41, 68], [82, 42], [43, 12], [85, 66]], [[25, 17], [74, 100], [95, 95], [48, 63], [65, 74], [15, 21], [93, 97], [51, 73], [99, 49], [3, 55], [94, 56], [8, 96], [58, 17]], [[31, 33], [4, 57], [33, 2], [25, 93], [33, 18], [31, 30], [22, 39], [69, 13], [97, 3], [36, 91], [71, 50], [49, 72], [100, 62], [79, 29], [45, 25], [28, 91]]]}}}