{"ceiling": 2666, "resultPaper": 5199, "resultNuestro": 1637, "timeTakenPaper": 22.601399898529053, "timeTakenNosotros": 0.25299906730651855, "case": {"input": "7\t2493\t0.6921617500374972\n4\t5\n27\t36\t50\t97\t3\t84\n15\t24\t76\t84\t45\t58\n4\t5\n9\t1\t9\t69\t77\t16\t25\n10\t15\t72\t6\t39\t56\t94\n4\t5\n51\t92\t97\t30\t48\t100\t4\t98\n3\t68\t85\t17\t66\t32\t100\t60\n4\t5\n16\t92\t45\t99\t56\t9\t7\n100\t35\t92\t47\t94\t9\t53\n3\t5\n29\t31\t89\t48\t54\t16\t32\t66\t76\n12\t80\t27\t77\t15\t36\t56\t81\t47\n3\t5\n41\t29\t96\t23\t56\t34\n33\t90\t89\t16\t44\t54\n4\t5\n35\t90\t55\t16\t53\t56\t23\t2\t36\n33\t57\t90\t46\t60\t72\t20\t2\t74", "case": {"lowerRanks": [4, 4, 4, 4, 3, 3, 4], "upperRanks": [5, 5, 5, 5, 5, 5, 5], "nCategories": 7, "ceiling": 2666, "maxWeight": 2493, "epsilon": 0.6921617500374972, "itemMatrix": [[[27, 15], [36, 24], [50, 76], [97, 84], [3, 45], [84, 58]], [[9, 10], [1, 15], [9, 72], [69, 6], [77, 39], [16, 56], [25, 94]], [[51, 3], [92, 68], [97, 85], [30, 17], [48, 66], [100, 32], [4, 100], [98, 60]], [[16, 100], [92, 35], [45, 92], [99, 47], [56, 94], [9, 9], [7, 53]], [[29, 12], [31, 80], [89, 27], [48, 77], [54, 15], [16, 36], [32, 56], [66, 81], [76, 47]], [[41, 33], [29, 90], [96, 89], [23, 16], [56, 44], [34, 54]], [[35, 33], [90, 57], [55, 90], [16, 46], [53, 60], [56, 72], [23, 20], [2, 2], [36, 74]]]}}}