{"ceiling": 1762, "resultPaper": 3799, "resultNuestro": 884, "timeTakenPaper": 13.22873854637146, "timeTakenNosotros": 0.30699753761291504, "case": {"input": "6\t1986\t0.420026387940049\n3\t4\n95\t97\t33\t92\t3\n74\t17\t3\t53\t34\n2\t3\n12\t7\t27\t34\t26\t26\t21\n50\t50\t29\t83\t88\t68\t98\n2\t4\n93\t42\t57\t7\t75\t74\t59\n20\t100\t30\t94\t13\t29\t16\n1\t4\n5\t39\t48\t51\t26\n19\t32\t68\t16\t76\n2\t3\n87\t74\t89\t48\t75\t75\t67\n86\t82\t18\t1\t43\t31\t67\n3\t4\n87\t77\t69\t40\t71\t29\t28\n6\t81\t83\t20\t5\t22\t57", "case": {"lowerRanks": [3, 2, 2, 1, 2, 3], "upperRanks": [4, 3, 4, 4, 3, 4], "nCategories": 6, "ceiling": 1762, "maxWeight": 1986, "epsilon": 0.420026387940049, "itemMatrix": [[[95, 74], [97, 17], [33, 3], [92, 53], [3, 34]], [[12, 50], [7, 50], [27, 29], [34, 83], [26, 88], [26, 68], [21, 98]], [[93, 20], [42, 100], [57, 30], [7, 94], [75, 13], [74, 29], [59, 16]], [[5, 19], [39, 32], [48, 68], [51, 16], [26, 76]], [[87, 86], [74, 82], [89, 18], [48, 1], [75, 43], [75, 31], [67, 67]], [[87, 6], [77, 81], [69, 83], [40, 20], [71, 5], [29, 22], [28, 57]]]}}}