{"ceiling": 4031, "resultPaper": 7699, "resultNuestro": 2376, "timeTakenPaper": 456.4812259674072, "timeTakenNosotros": 0.3809843063354492, "case": {"input": "6\t3566\t0.4898676381074303\n3\t4\n31\t7\t41\t84\t66\t42\t17\t25\t6\t6\t47\t67\t2\n99\t30\t92\t76\t70\t79\t98\t86\t26\t99\t86\t38\t57\n5\t9\n49\t37\t69\t46\t89\t13\t87\t13\t72\t91\t41\n85\t38\t13\t28\t82\t61\t47\t24\t35\t58\t25\n6\t9\n20\t21\t87\t41\t40\t49\t65\t13\t64\t36\t76\t92\t45\t80\t77\t23\t47\t16\t89\n94\t5\t13\t37\t48\t94\t79\t71\t43\t25\t75\t56\t73\t2\t59\t29\t65\t89\t70\n7\t9\n72\t93\t29\t56\t42\t83\t12\t20\t87\t2\n39\t15\t33\t59\t29\t1\t80\t51\t91\t57\n7\t8\n80\t15\t43\t33\t71\t12\t29\t36\t2\t9\t83\t59\t5\t68\t87\n14\t19\t40\t33\t31\t33\t54\t69\t35\t58\t21\t7\t40\t42\t91\n4\t9\n8\t6\t47\t18\t54\t90\t68\t25\t80\n55\t82\t41\t10\t63\t54\t93\t100\t32", "case": {"lowerRanks": [3, 5, 6, 7, 7, 4], "upperRanks": [4, 9, 9, 9, 8, 9], "nCategories": 6, "ceiling": 4031, "maxWeight": 3566, "epsilon": 0.4898676381074303, "itemMatrix": [[[31, 99], [7, 30], [41, 92], [84, 76], [66, 70], [42, 79], [17, 98], [25, 86], [6, 26], [6, 99], [47, 86], [67, 38], [2, 57]], [[49, 85], [37, 38], [69, 13], [46, 28], [89, 82], [13, 61], [87, 47], [13, 24], [72, 35], [91, 58], [41, 25]], [[20, 94], [21, 5], [87, 13], [41, 37], [40, 48], [49, 94], [65, 79], [13, 71], [64, 43], [36, 25], [76, 75], [92, 56], [45, 73], [80, 2], [77, 59], [23, 29], [47, 65], [16, 89], [89, 70]], [[72, 39], [93, 15], [29, 33], [56, 59], [42, 29], [83, 1], [12, 80], [20, 51], [87, 91], [2, 57]], [[80, 14], [15, 19], [43, 40], [33, 33], [71, 31], [12, 33], [29, 54], [36, 69], [2, 35], [9, 58], [83, 21], [59, 7], [5, 40], [68, 42], [87, 91]], [[8, 55], [6, 82], [47, 41], [18, 10], [54, 63], [90, 54], [68, 93], [25, 100], [80, 32]]]}}}