{"ceiling": 587, "resultPaper": 817, "resultNuestro": 293, "timeTakenPaper": 0.28699779510498047, "timeTakenNosotros": 0.28499722480773926, "case": {"input": "4\t663\t0.41384929886878374\n1\t2\n34\t72\n72\t68\n1\t2\n69\t71\t85\n77\t78\t66\n1\t2\n1\t69\n21\t82\n1\t2\n65\t87\t64\n66\t37\t20", "case": {"lowerRanks": [1, 1, 1, 1], "upperRanks": [2, 2, 2, 2], "nCategories": 4, "ceiling": 587, "maxWeight": 663, "epsilon": 0.41384929886878374, "itemMatrix": [[[34, 72], [72, 68]], [[69, 77], [71, 78], [85, 66]], [[1, 21], [69, 82]], [[65, 66], [87, 37], [64, 20]]]}}}