{"ceiling": 303, "resultPaper": 521, "resultNuestro": 161, "timeTakenPaper": 0.2929825782775879, "timeTakenNosotros": 0.24400949478149414, "case": {"input": "2\t463\t0.5830504078421002\n2\t3\n82\t38\t76\n88\t5\t6\n2\t3\n12\t99\t78\n65\t54\t85", "case": {"lowerRanks": [2, 2], "upperRanks": [3, 3], "nCategories": 2, "ceiling": 303, "maxWeight": 463, "epsilon": 0.5830504078421002, "itemMatrix": [[[82, 88], [38, 5], [76, 6]], [[12, 65], [99, 54], [78, 85]]]}}}