{"ceiling": 2420, "resultPaper": 4801, "resultNuestro": 1696, "timeTakenPaper": 41.686957359313965, "timeTakenNosotros": 0.4350008964538574, "case": {"input": "4\t2509\t0.7842544422692255\n4\t9\n41\t98\t30\t81\t8\t26\t93\t15\t78\t48\t36\t95\n9\t67\t4\t67\t98\t67\t20\t52\t94\t89\t39\t77\n4\t10\n28\t60\t52\t97\t32\t9\t65\t30\t84\t48\t49\n78\t16\t46\t64\t94\t2\t73\t43\t19\t58\t48\n6\t9\n69\t11\t51\t61\t43\t67\t22\t6\t12\n25\t20\t36\t98\t49\t20\t58\t19\t65\n3\t10\n77\t82\t56\t74\t54\t52\t43\t82\t19\t57\t89\t64\t11\t11\t15\t78\t9\n14\t79\t63\t97\t96\t11\t69\t65\t6\t45\t80\t7\t25\t39\t2\t48\t60", "case": {"lowerRanks": [4, 4, 6, 3], "upperRanks": [9, 10, 9, 10], "nCategories": 4, "ceiling": 2420, "maxWeight": 2509, "epsilon": 0.7842544422692255, "itemMatrix": [[[41, 9], [98, 67], [30, 4], [81, 67], [8, 98], [26, 67], [93, 20], [15, 52], [78, 94], [48, 89], [36, 39], [95, 77]], [[28, 78], [60, 16], [52, 46], [97, 64], [32, 94], [9, 2], [65, 73], [30, 43], [84, 19], [48, 58], [49, 48]], [[69, 25], [11, 20], [51, 36], [61, 98], [43, 49], [67, 20], [22, 58], [6, 19], [12, 65]], [[77, 14], [82, 79], [56, 63], [74, 97], [54, 96], [52, 11], [43, 69], [82, 65], [19, 6], [57, 45], [89, 80], [64, 7], [11, 25], [11, 39], [15, 2], [78, 48], [9, 60]]]}}}