{"ceiling": 1818, "resultPaper": 3330, "resultNuestro": 1339, "timeTakenPaper": 3.053999900817871, "timeTakenNosotros": 0.29199886322021484, "case": {"input": "8\t1955\t0.6978117963404746\n1\t3\n30\t22\t84\n47\t11\t67\n2\t4\n42\t82\t78\t89\n42\t45\t36\t35\n3\t4\n84\t15\t63\t81\n76\t41\t98\t41\n3\t4\n38\t82\t43\t82\t28\n50\t9\t10\t46\t53\n1\t3\n58\t25\t69\t39\t55\n75\t67\t56\t88\t87\n1\t2\n93\t42\t79\n66\t83\t37\n3\t4\n31\t3\t26\t74\t55\n10\t57\t30\t18\t71\n2\t4\n95\t13\t81\t89\t70\n79\t78\t50\t96\t63", "case": {"lowerRanks": [1, 2, 3, 3, 1, 1, 3, 2], "upperRanks": [3, 4, 4, 4, 3, 2, 4, 4], "nCategories": 8, "ceiling": 1818, "maxWeight": 1955, "epsilon": 0.6978117963404746, "itemMatrix": [[[30, 47], [22, 11], [84, 67]], [[42, 42], [82, 45], [78, 36], [89, 35]], [[84, 76], [15, 41], [63, 98], [81, 41]], [[38, 50], [82, 9], [43, 10], [82, 46], [28, 53]], [[58, 75], [25, 67], [69, 56], [39, 88], [55, 87]], [[93, 66], [42, 83], [79, 37]], [[31, 10], [3, 57], [26, 30], [74, 18], [55, 71]], [[95, 79], [13, 78], [81, 50], [89, 96], [70, 63]]]}}}