{"ceiling": 1765, "resultPaper": 3899, "resultNuestro": 1209, "timeTakenPaper": 23.05309247970581, "timeTakenNosotros": 0.2929975986480713, "case": {"input": "8\t1805\t0.3054359949002475\n1\t3\n26\t72\t16\n15\t62\t99\n1\t2\n83\t66\t35\t25\n97\t91\t46\t68\n1\t4\n60\t81\t4\t95\t51\t16\n1\t44\t36\t84\t43\t14\n3\t4\n44\t3\t76\t6\t17\t20\t35\n3\t47\t52\t23\t68\t4\t13\n3\t4\n88\t33\t89\t47\t2\n46\t13\t18\t1\t97\n2\t4\n95\t43\t35\t74\n54\t100\t85\t97\n2\t4\n5\t19\t98\t59\t3\t94\n87\t27\t12\t23\t8\t46\n1\t3\n9\t23\t93\t14\n37\t39\t6\t59", "case": {"lowerRanks": [1, 1, 1, 3, 3, 2, 2, 1], "upperRanks": [3, 2, 4, 4, 4, 4, 4, 3], "nCategories": 8, "ceiling": 1765, "maxWeight": 1805, "epsilon": 0.3054359949002475, "itemMatrix": [[[26, 15], [72, 62], [16, 99]], [[83, 97], [66, 91], [35, 46], [25, 68]], [[60, 1], [81, 44], [4, 36], [95, 84], [51, 43], [16, 14]], [[44, 3], [3, 47], [76, 52], [6, 23], [17, 68], [20, 4], [35, 13]], [[88, 46], [33, 13], [89, 18], [47, 1], [2, 97]], [[95, 54], [43, 100], [35, 85], [74, 97]], [[5, 87], [19, 27], [98, 12], [59, 23], [3, 8], [94, 46]], [[9, 37], [23, 39], [93, 6], [14, 59]]]}}}