{"ceiling": 514, "resultPaper": 1053, "resultNuestro": 263, "timeTakenPaper": 0.8670017719268799, "timeTakenNosotros": 0.6250050067901611, "case": {"input": "2\t688\t0.48543363987850524\n3\t4\n4\t4\t15\t52\n28\t20\t88\t59\n2\t4\n52\t100\t79\t75\t96\t66\t77\t12\n21\t60\t22\t30\t39\t71\t28\t48", "case": {"lowerRanks": [3, 2], "upperRanks": [4, 4], "nCategories": 2, "ceiling": 514, "maxWeight": 688, "epsilon": 0.48543363987850524, "itemMatrix": [[[4, 28], [4, 20], [15, 88], [52, 59]], [[52, 21], [100, 60], [79, 22], [75, 30], [96, 39], [66, 71], [77, 28], [12, 48]]]}}}