{"ceiling": 1353, "resultPaper": 2563, "resultNuestro": 818, "timeTakenPaper": 4.813641548156738, "timeTakenNosotros": 0.2409977912902832, "case": {"input": "5\t1185\t0.33765696006200646\n1\t3\n60\t8\t99\t71\n3\t94\t50\t46\n1\t2\n31\t36\t74\t75\t79\t13\n31\t14\t81\t42\t95\t58\n1\t4\n29\t9\t87\t1\t10\t59\n84\t85\t40\t37\t21\t90\n2\t4\n73\t38\t22\t31\t6\t52\t3\n14\t76\t21\t20\t71\t59\t49\n1\t4\n32\t99\t47\t28\n64\t58\t39\t11", "case": {"lowerRanks": [1, 1, 1, 2, 1], "upperRanks": [3, 2, 4, 4, 4], "nCategories": 5, "ceiling": 1353, "maxWeight": 1185, "epsilon": 0.33765696006200646, "itemMatrix": [[[60, 3], [8, 94], [99, 50], [71, 46]], [[31, 31], [36, 14], [74, 81], [75, 42], [79, 95], [13, 58]], [[29, 84], [9, 85], [87, 40], [1, 37], [10, 21], [59, 90]], [[73, 14], [38, 76], [22, 21], [31, 20], [6, 71], [52, 59], [3, 49]], [[32, 64], [99, 58], [47, 39], [28, 11]]]}}}