{"ceiling": 1516, "resultPaper": 2907, "resultNuestro": 1186, "timeTakenPaper": 2.823997974395752, "timeTakenNosotros": 0.2779994010925293, "case": {"input": "4\t1593\t0.7188910139674634\n2\t3\n62\t57\t44\t40\n46\t45\t52\t78\n6\t7\n56\t70\t100\t19\t29\t58\t28\t16\t81\t17\n97\t57\t28\t81\t39\t13\t68\t81\t15\t33\n5\t6\n94\t56\t16\t66\t21\t27\t67\t58\n86\t43\t70\t86\t20\t57\t46\t74\n6\t7\n25\t69\t61\t67\t34\t98\t43\t82\n29\t76\t3\t23\t81\t15\t17\t57", "case": {"lowerRanks": [2, 6, 5, 6], "upperRanks": [3, 7, 6, 7], "nCategories": 4, "ceiling": 1516, "maxWeight": 1593, "epsilon": 0.7188910139674634, "itemMatrix": [[[62, 46], [57, 45], [44, 52], [40, 78]], [[56, 97], [70, 57], [100, 28], [19, 81], [29, 39], [58, 13], [28, 68], [16, 81], [81, 15], [17, 33]], [[94, 86], [56, 43], [16, 70], [66, 86], [21, 20], [27, 57], [67, 46], [58, 74]], [[25, 29], [69, 76], [61, 3], [67, 23], [34, 81], [98, 15], [43, 17], [82, 57]]]}}}