{"ceiling": 562, "resultPaper": 852, "resultNuestro": 350, "timeTakenPaper": 0.23299956321716309, "timeTakenNosotros": 0.250718355178833, "case": {"input": "3\t409\t0.31670565348299934\n1\t3\n18\t84\t18\n68\t66\t90\n2\t3\n56\t48\t4\n89\t95\t62\n2\t3\n4\t99\t23\n22\t33\t37", "case": {"lowerRanks": [1, 2, 2], "upperRanks": [3, 3, 3], "nCategories": 3, "ceiling": 562, "maxWeight": 409, "epsilon": 0.31670565348299934, "itemMatrix": [[[18, 68], [84, 66], [18, 90]], [[56, 89], [48, 95], [4, 62]], [[4, 22], [99, 33], [23, 37]]]}}}