{"ceiling": 1474, "resultPaper": 2598, "resultNuestro": 939, "timeTakenPaper": 2.7673380374908447, "timeTakenNosotros": 0.5419931411743164, "case": {"input": "3\t1665\t0.5584384593788809\n2\t4\n69\t92\t80\t85\t100\t36\t99\t72\t4\t52\n50\t62\t42\t6\t88\t97\t43\t28\t86\t49\n3\t4\n3\t11\t48\t87\t76\t59\t65\n99\t34\t37\t16\t27\t32\t76\n3\t7\n33\t89\t79\t81\t86\t60\t34\t100\t41\n75\t100\t5\t51\t95\t92\t35\t78\t71", "case": {"lowerRanks": [2, 3, 3], "upperRanks": [4, 4, 7], "nCategories": 3, "ceiling": 1474, "maxWeight": 1665, "epsilon": 0.5584384593788809, "itemMatrix": [[[69, 50], [92, 62], [80, 42], [85, 6], [100, 88], [36, 97], [99, 43], [72, 28], [4, 86], [52, 49]], [[3, 99], [11, 34], [48, 37], [87, 16], [76, 27], [59, 32], [65, 76]], [[33, 75], [89, 100], [79, 5], [81, 51], [86, 95], [60, 92], [34, 35], [100, 78], [41, 71]]]}}}