{"ceiling": 1201, "resultPaper": 2498, "resultNuestro": 856, "timeTakenPaper": 5.428999185562134, "timeTakenNosotros": 0.2899959087371826, "case": {"input": "3\t1212\t0.35515105520248913\n1\t3\n41\t13\t8\n33\t35\t88\n5\t6\n100\t8\t30\t43\t16\t5\t34\t3\t93\t58\n97\t88\t98\t20\t31\t28\t22\t68\t100\t6\n6\t9\n99\t14\t78\t48\t5\t88\t3\t71\t28\t98\t90\t74\n2\t75\t35\t41\t40\t32\t67\t36\t51\t48\t25\t35", "case": {"lowerRanks": [1, 5, 6], "upperRanks": [3, 6, 9], "nCategories": 3, "ceiling": 1201, "maxWeight": 1212, "epsilon": 0.35515105520248913, "itemMatrix": [[[41, 33], [13, 35], [8, 88]], [[100, 97], [8, 88], [30, 98], [43, 20], [16, 31], [5, 28], [34, 22], [3, 68], [93, 100], [58, 6]], [[99, 2], [14, 75], [78, 35], [48, 41], [5, 40], [88, 32], [3, 67], [71, 36], [28, 51], [98, 48], [90, 25], [74, 35]]]}}}