{"ceiling": 1045, "resultPaper": 1958, "resultNuestro": 649, "timeTakenPaper": 3.0670101642608643, "timeTakenNosotros": 0.2969944477081299, "case": {"input": "3\t1266\t0.450199477495665\n1\t3\n85\t81\t48\n92\t85\t5\n4\t6\n37\t100\t96\t35\t75\t47\n10\t54\t26\t82\t27\t49\n5\t6\n85\t59\t63\t29\t97\t34\t35\t69\t6\t97\t57\n60\t29\t73\t60\t98\t48\t43\t70\t14\t28\t92", "case": {"lowerRanks": [1, 4, 5], "upperRanks": [3, 6, 6], "nCategories": 3, "ceiling": 1045, "maxWeight": 1266, "epsilon": 0.450199477495665, "itemMatrix": [[[85, 92], [81, 85], [48, 5]], [[37, 10], [100, 54], [96, 26], [35, 82], [75, 27], [47, 49]], [[85, 60], [59, 29], [63, 73], [29, 60], [97, 98], [34, 48], [35, 43], [69, 70], [6, 14], [97, 28], [57, 92]]]}}}