{"ceiling": 2908, "resultPaper": 6299, "resultNuestro": 1733, "timeTakenPaper": 49.43275594711304, "timeTakenNosotros": 0.2259988784790039, "case": {"input": "7\t3017\t0.7875858558374647\n4\t6\n85\t13\t53\t88\t47\t69\t30\t46\t55\t31\t53\t43\t26\n70\t36\t55\t78\t84\t66\t9\t99\t19\t73\t44\t11\t13\n4\t5\n91\t13\t34\t6\t97\t79\t7\n9\t31\t44\t88\t67\t38\t91\n5\t7\n57\t55\t33\t99\t24\t70\t24\t55\n53\t48\t11\t8\t70\t100\t6\t8\n4\t6\n10\t54\t16\t9\t2\t30\t55\t25\t2\n75\t67\t63\t51\t25\t99\t55\t9\t9\n4\t5\n88\t11\t37\t69\t79\t71\t81\n64\t5\t1\t29\t82\t46\t55\n1\t4\n100\t20\t6\t74\t17\t88\n8\t20\t36\t53\t90\t71\n3\t8\n47\t69\t26\t43\t72\t65\t41\t68\t10\t30\t17\t85\t54\n63\t65\t13\t9\t4\t9\t69\t43\t7\t85\t92\t48\t59", "case": {"lowerRanks": [4, 4, 5, 4, 4, 1, 3], "upperRanks": [6, 5, 7, 6, 5, 4, 8], "nCategories": 7, "ceiling": 2908, "maxWeight": 3017, "epsilon": 0.7875858558374647, "itemMatrix": [[[85, 70], [13, 36], [53, 55], [88, 78], [47, 84], [69, 66], [30, 9], [46, 99], [55, 19], [31, 73], [53, 44], [43, 11], [26, 13]], [[91, 9], [13, 31], [34, 44], [6, 88], [97, 67], [79, 38], [7, 91]], [[57, 53], [55, 48], [33, 11], [99, 8], [24, 70], [70, 100], [24, 6], [55, 8]], [[10, 75], [54, 67], [16, 63], [9, 51], [2, 25], [30, 99], [55, 55], [25, 9], [2, 9]], [[88, 64], [11, 5], [37, 1], [69, 29], [79, 82], [71, 46], [81, 55]], [[100, 8], [20, 20], [6, 36], [74, 53], [17, 90], [88, 71]], [[47, 63], [69, 65], [26, 13], [43, 9], [72, 4], [65, 9], [41, 69], [68, 43], [10, 7], [30, 85], [17, 92], [85, 48], [54, 59]]]}}}