{"ceiling": 3248, "resultPaper": 6199, "resultNuestro": 2219, "timeTakenPaper": 152.7231993675232, "timeTakenNosotros": 0.33699965476989746, "case": {"input": "5\t2956\t0.46661585159659935\n8\t9\n57\t73\t9\t14\t17\t73\t14\t78\t54\t58\t74\t27\n65\t48\t93\t46\t7\t43\t72\t74\t76\t76\t100\t82\n7\t10\n33\t37\t9\t32\t20\t30\t83\t85\t28\t89\t10\t8\t36\t96\t34\t1\t77\n21\t47\t82\t91\t68\t8\t14\t82\t26\t31\t44\t70\t24\t75\t45\t95\t10\n9\t10\n93\t78\t92\t69\t36\t38\t18\t22\t60\t26\t72\t48\t31\t11\t5\n27\t66\t69\t76\t97\t27\t50\t87\t48\t37\t17\t97\t31\t82\t16\n2\t7\n98\t42\t33\t21\t81\t50\t32\t86\t77\t92\n44\t30\t56\t20\t12\t42\t36\t100\t1\t58\n6\t8\n39\t59\t10\t29\t9\t18\t56\t78\n48\t72\t30\t78\t38\t91\t35\t15", "case": {"lowerRanks": [8, 7, 9, 2, 6], "upperRanks": [9, 10, 10, 7, 8], "nCategories": 5, "ceiling": 3248, "maxWeight": 2956, "epsilon": 0.46661585159659935, "itemMatrix": [[[57, 65], [73, 48], [9, 93], [14, 46], [17, 7], [73, 43], [14, 72], [78, 74], [54, 76], [58, 76], [74, 100], [27, 82]], [[33, 21], [37, 47], [9, 82], [32, 91], [20, 68], [30, 8], [83, 14], [85, 82], [28, 26], [89, 31], [10, 44], [8, 70], [36, 24], [96, 75], [34, 45], [1, 95], [77, 10]], [[93, 27], [78, 66], [92, 69], [69, 76], [36, 97], [38, 27], [18, 50], [22, 87], [60, 48], [26, 37], [72, 17], [48, 97], [31, 31], [11, 82], [5, 16]], [[98, 44], [42, 30], [33, 56], [21, 20], [81, 12], [50, 42], [32, 36], [86, 100], [77, 1], [92, 58]], [[39, 48], [59, 72], [10, 30], [29, 78], [9, 38], [18, 91], [56, 35], [78, 15]]]}}}