{"ceiling": 1410, "resultPaper": 2742, "resultNuestro": 761, "timeTakenPaper": 1.5029993057250977, "timeTakenNosotros": 0.2579972743988037, "case": {"input": "6\t1461\t0.895513158556922\n2\t3\n98\t94\t27\t71\t22\t2\n61\t37\t77\t9\t12\t14\n1\t3\n63\t27\t25\t81\n46\t23\t62\t98\n1\t3\n87\t65\t5\t2\t68\n80\t16\t30\t57\t76\n1\t3\n68\t2\t20\t84\t63\n29\t67\t90\t16\t80\n2\t3\n75\t20\t74\n60\t27\t95\n1\t2\n8\t51\t85\t36\t72\n51\t22\t17\t92\t66", "case": {"lowerRanks": [2, 1, 1, 1, 2, 1], "upperRanks": [3, 3, 3, 3, 3, 2], "nCategories": 6, "ceiling": 1410, "maxWeight": 1461, "epsilon": 0.895513158556922, "itemMatrix": [[[98, 61], [94, 37], [27, 77], [71, 9], [22, 12], [2, 14]], [[63, 46], [27, 23], [25, 62], [81, 98]], [[87, 80], [65, 16], [5, 30], [2, 57], [68, 76]], [[68, 29], [2, 67], [20, 90], [84, 16], [63, 80]], [[75, 60], [20, 27], [74, 95]], [[8, 51], [51, 22], [85, 17], [36, 92], [72, 66]]]}}}