{
	"ceiling": 1671,
	"resultPaper": 3067,
	"resultNuestro": 867,
	"timeTakenPaper": 2.2579994201660156,
	"timeTakenNosotros": 0.253997802734375,
	"case": {
		"input": "5\t1586\t0.8477717199811918\n3\t4\n36\t66\t16\t23\t53\t45\n41\t49\t55\t86\t61\t93\n2\t3\n46\t6\t60\t95\n10\t99\t97\t79\n4\t5\n32\t26\t48\t56\t66\t65\t84\n15\t35\t26\t77\t9\t28\t41\n1\t2\n29\t72\t95\t29\t80\t32\t56\n75\t82\t15\t8\t47\t95\t90\n1\t3\n64\t19\t39\t75\t76\t11\t7\n85\t22\t71\t57\t98\t14\t11",
		"case": {
			"lowerRanks": [3, 2, 4, 1, 1],
			"upperRanks": [4, 3, 5, 2, 3],
			"nCategories": 5,
			"ceiling": 1671,
			"maxWeight": 1586,
			"epsilon": 0.8477717199811918,
			"itemMatrix": [
				[
					[36, 41],
					[66, 49],
					[16, 55],
					[23, 86],
					[53, 61],
					[45, 93]
				],
				[
					[46, 10],
					[6, 99],
					[60, 97],
					[95, 79]
				],
				[
					[32, 15],
					[26, 35],
					[48, 26],
					[56, 77],
					[66, 9],
					[65, 28],
					[84, 41]
				],
				[
					[29, 75],
					[72, 82],
					[95, 15],
					[29, 8],
					[80, 47],
					[32, 95],
					[56, 90]
				],
				[
					[64, 85],
					[19, 22],
					[39, 71],
					[75, 57],
					[76, 98],
					[11, 14],
					[7, 11]
				]
			]
		}
	}
}
