{"ceiling": 1490, "resultPaper": 2498, "resultNuestro": 748, "timeTakenPaper": 3.724001407623291, "timeTakenNosotros": 0.4460020065307617, "case": {"input": "8\t1424\t0.31142193515184907\n1\t2\n65\t51\t16\t80\n47\t91\t85\t94\n1\t2\n56\t49\t75\t55\n53\t77\t67\t50\n1\t2\n69\t40\t56\n62\t20\t39\n1\t2\n76\t78\t31\t64\n63\t89\t76\t41\n1\t2\n7\t54\t64\n6\t45\t19\n1\t2\n70\t78\n99\t89\n1\t2\n39\t56\n19\t56\n1\t2\n1\t63\t55\n22\t100\t81", "case": {"lowerRanks": [1, 1, 1, 1, 1, 1, 1, 1], "upperRanks": [2, 2, 2, 2, 2, 2, 2, 2], "nCategories": 8, "ceiling": 1490, "maxWeight": 1424, "epsilon": 0.31142193515184907, "itemMatrix": [[[65, 47], [51, 91], [16, 85], [80, 94]], [[56, 53], [49, 77], [75, 67], [55, 50]], [[69, 62], [40, 20], [56, 39]], [[76, 63], [78, 89], [31, 76], [64, 41]], [[7, 6], [54, 45], [64, 19]], [[70, 99], [78, 89]], [[39, 19], [56, 56]], [[1, 22], [63, 100], [55, 81]]]}}}