{"ceiling": 3781, "resultPaper": 6999, "resultNuestro": 2347, "timeTakenPaper": 203.95370411872864, "timeTakenNosotros": 0.32900142669677734, "case": {"input": "7\t3846\t0.5718056337202821\n1\t6\n98\t29\t89\t81\t2\t82\t5\t72\t83\n38\t45\t100\t71\t89\t65\t36\t38\t62\n4\t7\n22\t20\t55\t22\t7\t11\t84\t38\t16\t59\t97\t74\t7\t30\t75\n62\t82\t29\t58\t78\t35\t81\t5\t13\t66\t67\t14\t13\t87\t43\n7\t8\n83\t52\t99\t56\t54\t13\t15\t72\t51\t61\t43\n85\t26\t32\t69\t28\t30\t56\t13\t99\t100\t45\n1\t6\n93\t48\t17\t77\t88\t8\t97\t32\t24\t45\t84\t4\t56\t87\n100\t17\t19\t61\t94\t30\t29\t83\t91\t47\t43\t88\t93\t54\n4\t7\n87\t91\t69\t31\t66\t53\t70\t51\n46\t93\t49\t37\t83\t30\t76\t87\n2\t5\n40\t28\t74\t72\t74\t62\t42\n14\t72\t43\t87\t45\t11\t16\n2\t5\n54\t73\t82\t47\t94\t10\n42\t16\t5\t78\t70\t72", "case": {"lowerRanks": [1, 4, 7, 1, 4, 2, 2], "upperRanks": [6, 7, 8, 6, 7, 5, 5], "nCategories": 7, "ceiling": 3781, "maxWeight": 3846, "epsilon": 0.5718056337202821, "itemMatrix": [[[98, 38], [29, 45], [89, 100], [81, 71], [2, 89], [82, 65], [5, 36], [72, 38], [83, 62]], [[22, 62], [20, 82], [55, 29], [22, 58], [7, 78], [11, 35], [84, 81], [38, 5], [16, 13], [59, 66], [97, 67], [74, 14], [7, 13], [30, 87], [75, 43]], [[83, 85], [52, 26], [99, 32], [56, 69], [54, 28], [13, 30], [15, 56], [72, 13], [51, 99], [61, 100], [43, 45]], [[93, 100], [48, 17], [17, 19], [77, 61], [88, 94], [8, 30], [97, 29], [32, 83], [24, 91], [45, 47], [84, 43], [4, 88], [56, 93], [87, 54]], [[87, 46], [91, 93], [69, 49], [31, 37], [66, 83], [53, 30], [70, 76], [51, 87]], [[40, 14], [28, 72], [74, 43], [72, 87], [74, 45], [62, 11], [42, 16]], [[54, 42], [73, 16], [82, 5], [47, 78], [94, 70], [10, 72]]]}}}