{"ceiling": 2164, "resultPaper": 4016, "resultNuestro": 1151, "timeTakenPaper": 14.127999305725098, "timeTakenNosotros": 0.2499983310699463, "case": {"input": "4\t2089\t0.46682333334421944\n1\t5\n83\t5\t31\t80\t66\t13\t43\n59\t79\t58\t31\t81\t79\t34\n2\t4\n81\t92\t3\t77\t88\t32\t5\t92\t90\t32\n34\t16\t13\t81\t11\t64\t71\t76\t18\t64\n5\t6\n100\t81\t63\t82\t23\t42\t3\t35\t42\t5\t6\t13\n13\t66\t17\t26\t90\t56\t63\t98\t62\t82\t49\t39\n4\t6\n14\t99\t55\t16\t64\t30\t52\t16\t82\t68\t98\t50\n43\t76\t6\t26\t75\t45\t79\t61\t75\t43\t63\t42", "case": {"lowerRanks": [1, 2, 5, 4], "upperRanks": [5, 4, 6, 6], "nCategories": 4, "ceiling": 2164, "maxWeight": 2089, "epsilon": 0.46682333334421944, "itemMatrix": [[[83, 59], [5, 79], [31, 58], [80, 31], [66, 81], [13, 79], [43, 34]], [[81, 34], [92, 16], [3, 13], [77, 81], [88, 11], [32, 64], [5, 71], [92, 76], [90, 18], [32, 64]], [[100, 13], [81, 66], [63, 17], [82, 26], [23, 90], [42, 56], [3, 63], [35, 98], [42, 62], [5, 82], [6, 49], [13, 39]], [[14, 43], [99, 76], [55, 6], [16, 26], [64, 75], [30, 45], [52, 79], [16, 61], [82, 75], [68, 43], [98, 63], [50, 42]]]}}}