{"ceiling": 729, "resultPaper": 1633, "resultNuestro": 414, "timeTakenPaper": 0.7380013465881348, "timeTakenNosotros": 0.31100034713745117, "case": {"input": "6\t1123\t0.7647089711347511\n1\t2\n34\t26\t94\t75\n29\t2\t16\t22\n1\t2\n38\t23\t63\n68\t56\t9\n1\t2\n29\t52\t62\t83\n43\t45\t12\t35\n1\t2\n1\t98\n77\t11\n1\t2\n37\t26\t76\n25\t17\t47\n1\t2\n67\t98\t81\n51\t78\t86", "case": {"lowerRanks": [1, 1, 1, 1, 1, 1], "upperRanks": [2, 2, 2, 2, 2, 2], "nCategories": 6, "ceiling": 729, "maxWeight": 1123, "epsilon": 0.7647089711347511, "itemMatrix": [[[34, 29], [26, 2], [94, 16], [75, 22]], [[38, 68], [23, 56], [63, 9]], [[29, 43], [52, 45], [62, 12], [83, 35]], [[1, 77], [98, 11]], [[37, 25], [26, 17], [76, 47]], [[67, 51], [98, 78], [81, 86]]]}}}