{"ceiling": 1849, "resultPaper": 3477, "resultNuestro": 990, "timeTakenPaper": 22.343793392181396, "timeTakenNosotros": 0.29799842834472656, "case": {"input": "5\t1945\t0.357331390163354\n3\t4\n9\t96\t99\t41\n41\t55\t89\t38\n3\t5\n90\t48\t12\t61\t88\n10\t51\t78\t9\t94\n3\t4\n5\t15\t86\t61\t77\t36\t2\t75\t96\t7\n16\t30\t67\t13\t83\t83\t8\t57\t94\t48\n4\t6\n24\t55\t52\t1\t3\t27\t87\t52\t53\n49\t50\t38\t23\t33\t55\t37\t86\t32\n2\t5\n57\t64\t43\t89\t76\t2\t65\t88\t11\n12\t45\t80\t39\t71\t83\t53\t17\t82", "case": {"lowerRanks": [3, 3, 3, 4, 2], "upperRanks": [4, 5, 4, 6, 5], "nCategories": 5, "ceiling": 1849, "maxWeight": 1945, "epsilon": 0.357331390163354, "itemMatrix": [[[9, 41], [96, 55], [99, 89], [41, 38]], [[90, 10], [48, 51], [12, 78], [61, 9], [88, 94]], [[5, 16], [15, 30], [86, 67], [61, 13], [77, 83], [36, 83], [2, 8], [75, 57], [96, 94], [7, 48]], [[24, 49], [55, 50], [52, 38], [1, 23], [3, 33], [27, 55], [87, 37], [52, 86], [53, 32]], [[57, 12], [64, 45], [43, 80], [89, 39], [76, 71], [2, 83], [65, 53], [88, 17], [11, 82]]]}}}