{"ceiling": 4654, "resultPaper": 8899, "resultNuestro": 3201, "timeTakenPaper": 1124.2389209270477, "timeTakenNosotros": 0.21900081634521484, "case": {"input": "8\t4392\t0.4067098139425472\n6\t7\n60\t7\t61\t37\t60\t13\t56\n81\t91\t93\t79\t93\t6\t1\n8\t9\n93\t58\t36\t61\t42\t35\t83\t9\t83\t62\t3\n86\t70\t14\t95\t28\t25\t19\t85\t79\t30\t98\n1\t4\n42\t94\t76\t36\t63\t63\t28\t30\n58\t16\t58\t97\t28\t89\t100\t86\n5\t7\n80\t77\t40\t43\t19\t57\t69\t24\t25\t76\n50\t44\t64\t16\t93\t19\t63\t38\t51\t53\n8\t9\n71\t1\t32\t73\t47\t67\t48\t27\t21\t52\t25\t93\t84\n94\t61\t69\t68\t15\t52\t51\t95\t32\t9\t90\t12\t50\n7\t9\n17\t65\t32\t88\t55\t71\t75\t32\t50\t22\n17\t95\t39\t44\t6\t57\t25\t75\t18\t14\n8\t9\n11\t77\t66\t42\t79\t57\t30\t6\t64\t20\t91\t7\t24\t26\t79\t60\t29\t16\n81\t22\t60\t43\t6\t88\t64\t96\t37\t77\t92\t60\t95\t28\t77\t72\t36\t11\n7\t8\n11\t10\t66\t58\t67\t33\t14\t93\t48\t100\t38\t98\n7\t40\t33\t28\t71\t1\t44\t30\t6\t63\t92\t10", "case": {"lowerRanks": [6, 8, 1, 5, 8, 7, 8, 7], "upperRanks": [7, 9, 4, 7, 9, 9, 9, 8], "nCategories": 8, "ceiling": 4654, "maxWeight": 4392, "epsilon": 0.4067098139425472, "itemMatrix": [[[60, 81], [7, 91], [61, 93], [37, 79], [60, 93], [13, 6], [56, 1]], [[93, 86], [58, 70], [36, 14], [61, 95], [42, 28], [35, 25], [83, 19], [9, 85], [83, 79], [62, 30], [3, 98]], [[42, 58], [94, 16], [76, 58], [36, 97], [63, 28], [63, 89], [28, 100], [30, 86]], [[80, 50], [77, 44], [40, 64], [43, 16], [19, 93], [57, 19], [69, 63], [24, 38], [25, 51], [76, 53]], [[71, 94], [1, 61], [32, 69], [73, 68], [47, 15], [67, 52], [48, 51], [27, 95], [21, 32], [52, 9], [25, 90], [93, 12], [84, 50]], [[17, 17], [65, 95], [32, 39], [88, 44], [55, 6], [71, 57], [75, 25], [32, 75], [50, 18], [22, 14]], [[11, 81], [77, 22], [66, 60], [42, 43], [79, 6], [57, 88], [30, 64], [6, 96], [64, 37], [20, 77], [91, 92], [7, 60], [24, 95], [26, 28], [79, 77], [60, 72], [29, 36], [16, 11]], [[11, 7], [10, 40], [66, 33], [58, 28], [67, 71], [33, 1], [14, 44], [93, 30], [48, 6], [100, 63], [38, 92], [98, 10]]]}}}