{"ceiling": 1756, "resultPaper": 3265, "resultNuestro": 1164, "timeTakenPaper": 8.979905605316162, "timeTakenNosotros": 0.38996386528015137, "case": {"input": "6\t1720\t0.37735169663295887\n1\t4\n22\t77\t92\t44\n94\t99\t35\t96\n3\t4\n56\t1\t34\t62\t80\n11\t65\t5\t1\t34\n2\t3\n41\t34\t67\t24\n95\t71\t21\t92\n1\t3\n19\t88\t11\t100\t82\t98\t32\n52\t87\t61\t10\t92\t33\t52\n1\t4\n64\t39\t5\t60\t73\t44\t99\n77\t8\t12\t65\t97\t23\t25\n3\t4\n27\t79\t4\t59\t18\t48\n80\t38\t30\t63\t82\t50", "case": {"lowerRanks": [1, 3, 2, 1, 1, 3], "upperRanks": [4, 4, 3, 3, 4, 4], "nCategories": 6, "ceiling": 1756, "maxWeight": 1720, "epsilon": 0.37735169663295887, "itemMatrix": [[[22, 94], [77, 99], [92, 35], [44, 96]], [[56, 11], [1, 65], [34, 5], [62, 1], [80, 34]], [[41, 95], [34, 71], [67, 21], [24, 92]], [[19, 52], [88, 87], [11, 61], [100, 10], [82, 92], [98, 33], [32, 52]], [[64, 77], [39, 8], [5, 12], [60, 65], [73, 97], [44, 23], [99, 25]], [[27, 80], [79, 38], [4, 30], [59, 63], [18, 82], [48, 50]]]}}}