{"ceiling": 4098, "resultPaper": 7699, "resultNuestro": 2690, "timeTakenPaper": 266.83018469810486, "timeTakenNosotros": 0.22790265083312988, "case": {"input": "7\t3885\t0.5690713103443203\n5\t9\n33\t50\t61\t72\t49\t44\t95\t26\t36\n69\t43\t50\t28\t6\t42\t67\t57\t45\n2\t7\n26\t79\t91\t95\t7\t36\t88\n67\t13\t66\t71\t9\t17\t56\n7\t8\n94\t14\t76\t20\t37\t25\t100\t31\t19\t86\t60\t54\n31\t20\t46\t24\t25\t7\t62\t55\t21\t53\t16\t27\n6\t7\n34\t85\t42\t57\t50\t73\t61\t58\t62\t98\n65\t28\t89\t70\t78\t94\t91\t86\t34\t43\n5\t7\n96\t100\t40\t6\t48\t1\t69\t94\t16\t48\t78\t1\t51\t56\t14\n55\t90\t95\t99\t45\t22\t18\t50\t38\t88\t74\t49\t67\t98\t9\n1\t8\n33\t4\t81\t82\t78\t45\t98\t14\t58\t46\t36\n76\t4\t28\t84\t19\t65\t36\t91\t93\t66\t18\n1\t7\n39\t53\t34\t36\t16\t26\t13\t19\t32\t17\t1\t64\t66\n75\t75\t95\t76\t100\t4\t71\t78\t82\t96\t72\t13\t13", "case": {"lowerRanks": [5, 2, 7, 6, 5, 1, 1], "upperRanks": [9, 7, 8, 7, 7, 8, 7], "nCategories": 7, "ceiling": 4098, "maxWeight": 3885, "epsilon": 0.5690713103443203, "itemMatrix": [[[33, 69], [50, 43], [61, 50], [72, 28], [49, 6], [44, 42], [95, 67], [26, 57], [36, 45]], [[26, 67], [79, 13], [91, 66], [95, 71], [7, 9], [36, 17], [88, 56]], [[94, 31], [14, 20], [76, 46], [20, 24], [37, 25], [25, 7], [100, 62], [31, 55], [19, 21], [86, 53], [60, 16], [54, 27]], [[34, 65], [85, 28], [42, 89], [57, 70], [50, 78], [73, 94], [61, 91], [58, 86], [62, 34], [98, 43]], [[96, 55], [100, 90], [40, 95], [6, 99], [48, 45], [1, 22], [69, 18], [94, 50], [16, 38], [48, 88], [78, 74], [1, 49], [51, 67], [56, 98], [14, 9]], [[33, 76], [4, 4], [81, 28], [82, 84], [78, 19], [45, 65], [98, 36], [14, 91], [58, 93], [46, 66], [36, 18]], [[39, 75], [53, 75], [34, 95], [36, 76], [16, 100], [26, 4], [13, 71], [19, 78], [32, 82], [17, 96], [1, 72], [64, 13], [66, 13]]]}}}