{"ceiling": 3807, "resultPaper": 7399, "resultNuestro": 2065, "timeTakenPaper": 543.2029139995575, "timeTakenNosotros": 0.42100024223327637, "case": {"input": "5\t3858\t0.3207290635795607\n5\t9\n31\t100\t80\t11\t62\t99\t51\t40\t36\t37\t22\t55\t4\t76\t82\t55\t93\t4\n89\t28\t24\t94\t31\t1\t49\t20\t35\t29\t57\t20\t36\t81\t55\t74\t91\t77\n8\t9\n15\t26\t73\t44\t98\t26\t54\t26\t75\t58\t71\t83\t2\t88\t1\t79\t93\t50\n77\t54\t75\t87\t36\t30\t21\t45\t33\t78\t24\t69\t51\t36\t59\t91\t16\t50\n5\t8\n11\t28\t80\t64\t60\t40\t67\t86\t41\t14\t45\t67\t7\t64\t8\t9\t60\n100\t75\t82\t96\t31\t37\t7\t75\t2\t51\t61\t84\t73\t62\t70\t48\t94\n5\t6\n54\t40\t36\t91\t16\t54\t71\t28\t59\n41\t56\t29\t82\t12\t19\t86\t66\t74\n2\t9\n71\t70\t89\t67\t31\t100\t37\t92\t54\t3\t70\t23\n22\t60\t53\t85\t41\t57\t35\t30\t21\t26\t20\t21", "case": {"lowerRanks": [5, 8, 5, 5, 2], "upperRanks": [9, 9, 8, 6, 9], "nCategories": 5, "ceiling": 3807, "maxWeight": 3858, "epsilon": 0.3207290635795607, "itemMatrix": [[[31, 89], [100, 28], [80, 24], [11, 94], [62, 31], [99, 1], [51, 49], [40, 20], [36, 35], [37, 29], [22, 57], [55, 20], [4, 36], [76, 81], [82, 55], [55, 74], [93, 91], [4, 77]], [[15, 77], [26, 54], [73, 75], [44, 87], [98, 36], [26, 30], [54, 21], [26, 45], [75, 33], [58, 78], [71, 24], [83, 69], [2, 51], [88, 36], [1, 59], [79, 91], [93, 16], [50, 50]], [[11, 100], [28, 75], [80, 82], [64, 96], [60, 31], [40, 37], [67, 7], [86, 75], [41, 2], [14, 51], [45, 61], [67, 84], [7, 73], [64, 62], [8, 70], [9, 48], [60, 94]], [[54, 41], [40, 56], [36, 29], [91, 82], [16, 12], [54, 19], [71, 86], [28, 66], [59, 74]], [[71, 22], [70, 60], [89, 53], [67, 85], [31, 41], [100, 57], [37, 35], [92, 30], [54, 21], [3, 26], [70, 20], [23, 21]]]}}}