{"ceiling": 1194, "resultPaper": 2644, "resultNuestro": 596, "timeTakenPaper": 3.2460362911224365, "timeTakenNosotros": 0.8929991722106934, "case": {"input": "4\t1407\t0.677747797401079\n3\t4\n86\t24\t19\t20\t79\t26\n69\t38\t89\t27\t59\t81\n1\t4\n8\t67\t87\t54\t44\t83\t39\t84\n97\t49\t68\t54\t6\t3\t42\t66\n2\t4\n74\t76\t3\t27\t1\t49\t50\n50\t98\t6\t35\t79\t7\t17\n3\t4\n80\t2\t72\t72\t94\t21\n8\t9\t49\t37\t49\t2", "case": {"lowerRanks": [3, 1, 2, 3], "upperRanks": [4, 4, 4, 4], "nCategories": 4, "ceiling": 1194, "maxWeight": 1407, "epsilon": 0.677747797401079, "itemMatrix": [[[86, 69], [24, 38], [19, 89], [20, 27], [79, 59], [26, 81]], [[8, 97], [67, 49], [87, 68], [54, 54], [44, 6], [83, 3], [39, 42], [84, 66]], [[74, 50], [76, 98], [3, 6], [27, 35], [1, 79], [49, 7], [50, 17]], [[80, 8], [2, 9], [72, 49], [72, 37], [94, 49], [21, 2]]]}}}