{"ceiling": 861, "resultPaper": 1470, "resultNuestro": 429, "timeTakenPaper": 0.6129984855651855, "timeTakenNosotros": 0.31099796295166016, "case": {"input": "2\t869\t0.4909989356701304\n2\t6\n55\t18\t70\t6\t38\t93\t55\t44\t84\t37\n31\t63\t66\t51\t55\t50\t58\t8\t77\t85\n3\t4\n69\t32\t86\t12\t78\t14\n62\t23\t92\t62\t76\t2", "case": {"lowerRanks": [2, 3], "upperRanks": [6, 4], "nCategories": 2, "ceiling": 861, "maxWeight": 869, "epsilon": 0.4909989356701304, "itemMatrix": [[[55, 31], [18, 63], [70, 66], [6, 51], [38, 55], [93, 50], [55, 58], [44, 8], [84, 77], [37, 85]], [[69, 62], [32, 23], [86, 92], [12, 62], [78, 76], [14, 2]]]}}}