{"ceiling": 892, "resultPaper": 1483, "resultNuestro": 657, "timeTakenPaper": 0.43200182914733887, "timeTakenNosotros": 0.2779965400695801, "case": {"input": "6\t696\t0.5453845836191381\n1\t2\n5\t77\n78\t70\n1\t2\n57\t88\t29\n19\t98\t99\n1\t2\n10\t64\n92\t37\n1\t2\n66\t26\t47\n51\t54\t21\n1\t2\n65\t5\n63\t40\n1\t2\n54\t1\t81\n25\t86\t59", "case": {"lowerRanks": [1, 1, 1, 1, 1, 1], "upperRanks": [2, 2, 2, 2, 2, 2], "nCategories": 6, "ceiling": 892, "maxWeight": 696, "epsilon": 0.5453845836191381, "itemMatrix": [[[5, 78], [77, 70]], [[57, 19], [88, 98], [29, 99]], [[10, 92], [64, 37]], [[66, 51], [26, 54], [47, 21]], [[65, 63], [5, 40]], [[54, 25], [1, 86], [81, 59]]]}}}