{"ceiling": 4417, "resultPaper": 8699, "resultNuestro": 2950, "timeTakenPaper": 665.8320333957672, "timeTakenNosotros": 0.24299907684326172, "case": {"input": "7\t4239\t0.48925028163888973\n1\t8\n23\t36\t14\t69\t24\t53\t77\t84\t59\t22\t41\t62\t39\t5\t67\t1\t17\t22\n39\t22\t37\t39\t100\t92\t96\t13\t7\t58\t57\t40\t98\t10\t64\t36\t58\t51\n7\t9\n80\t72\t32\t87\t41\t43\t60\t3\t47\t34\n20\t99\t96\t44\t89\t41\t83\t29\t48\t48\n8\t10\n95\t86\t99\t6\t30\t35\t50\t50\t79\t26\t48\t36\t32\t97\t6\t66\n61\t70\t97\t20\t55\t90\t52\t65\t56\t26\t16\t92\t100\t78\t77\t17\n2\t9\n38\t91\t54\t73\t19\t41\t16\t79\t46\t42\t37\t73\n96\t46\t5\t27\t28\t18\t5\t40\t57\t44\t11\t77\n3\t6\n83\t69\t19\t13\t79\t71\t94\n55\t54\t47\t15\t39\t41\t36\n6\t9\n95\t79\t61\t95\t7\t17\t36\t42\t40\t70\t33\t65\n81\t25\t76\t56\t13\t43\t23\t19\t50\t87\t31\t58\n7\t10\n40\t25\t1\t9\t49\t41\t99\t94\t36\t5\t36\t41\n84\t35\t39\t62\t52\t62\t25\t65\t7\t31\t100\t66", "case": {"lowerRanks": [1, 7, 8, 2, 3, 6, 7], "upperRanks": [8, 9, 10, 9, 6, 9, 10], "nCategories": 7, "ceiling": 4417, "maxWeight": 4239, "epsilon": 0.48925028163888973, "itemMatrix": [[[23, 39], [36, 22], [14, 37], [69, 39], [24, 100], [53, 92], [77, 96], [84, 13], [59, 7], [22, 58], [41, 57], [62, 40], [39, 98], [5, 10], [67, 64], [1, 36], [17, 58], [22, 51]], [[80, 20], [72, 99], [32, 96], [87, 44], [41, 89], [43, 41], [60, 83], [3, 29], [47, 48], [34, 48]], [[95, 61], [86, 70], [99, 97], [6, 20], [30, 55], [35, 90], [50, 52], [50, 65], [79, 56], [26, 26], [48, 16], [36, 92], [32, 100], [97, 78], [6, 77], [66, 17]], [[38, 96], [91, 46], [54, 5], [73, 27], [19, 28], [41, 18], [16, 5], [79, 40], [46, 57], [42, 44], [37, 11], [73, 77]], [[83, 55], [69, 54], [19, 47], [13, 15], [79, 39], [71, 41], [94, 36]], [[95, 81], [79, 25], [61, 76], [95, 56], [7, 13], [17, 43], [36, 23], [42, 19], [40, 50], [70, 87], [33, 31], [65, 58]], [[40, 84], [25, 35], [1, 39], [9, 62], [49, 52], [41, 62], [99, 25], [94, 65], [36, 7], [5, 31], [36, 100], [41, 66]]]}}}