{"ceiling": 3777, "resultPaper": 6498, "resultNuestro": 2259, "timeTakenPaper": 70.45662379264832, "timeTakenNosotros": 0.3029954433441162, "case": {"input": "8\t3187\t0.7289557366241621\n3\t4\n50\t72\t18\t95\t18\t55\n76\t25\t85\t78\t47\t46\n2\t4\n70\t33\t13\t60\t69\t77\t85\t97\t32\t4\n92\t56\t44\t30\t30\t56\t100\t42\t23\t76\n5\t6\n72\t61\t61\t7\t60\t58\t7\t21\n77\t12\t97\t84\t27\t70\t93\t16\n4\t5\n89\t15\t11\t43\t94\t59\t93\n28\t88\t54\t60\t56\t21\t77\n3\t6\n31\t91\t89\t7\t19\t11\t32\t37\t78\t24\t6\t26\n5\t73\t32\t44\t99\t27\t61\t93\t46\t6\t61\t66\n4\t6\n13\t13\t39\t65\t56\t86\t78\n71\t90\t34\t87\t84\t10\t87\n2\t3\n45\t63\t19\t41\t89\n29\t22\t93\t75\t82\n1\t6\n38\t71\t8\t60\t9\t34\t19\t50\t78\t77\n78\t99\t95\t43\t71\t81\t29\t32\t98\t8", "case": {"lowerRanks": [3, 2, 5, 4, 3, 4, 2, 1], "upperRanks": [4, 4, 6, 5, 6, 6, 3, 6], "nCategories": 8, "ceiling": 3777, "maxWeight": 3187, "epsilon": 0.7289557366241621, "itemMatrix": [[[50, 76], [72, 25], [18, 85], [95, 78], [18, 47], [55, 46]], [[70, 92], [33, 56], [13, 44], [60, 30], [69, 30], [77, 56], [85, 100], [97, 42], [32, 23], [4, 76]], [[72, 77], [61, 12], [61, 97], [7, 84], [60, 27], [58, 70], [7, 93], [21, 16]], [[89, 28], [15, 88], [11, 54], [43, 60], [94, 56], [59, 21], [93, 77]], [[31, 5], [91, 73], [89, 32], [7, 44], [19, 99], [11, 27], [32, 61], [37, 93], [78, 46], [24, 6], [6, 61], [26, 66]], [[13, 71], [13, 90], [39, 34], [65, 87], [56, 84], [86, 10], [78, 87]], [[45, 29], [63, 22], [19, 93], [41, 75], [89, 82]], [[38, 78], [71, 99], [8, 95], [60, 43], [9, 71], [34, 81], [19, 29], [50, 32], [78, 98], [77, 8]]]}}}