{"ceiling": 1122, "resultPaper": 2155, "resultNuestro": 603, "timeTakenPaper": 1.1740033626556396, "timeTakenNosotros": 0.3450000286102295, "case": {"input": "8\t1028\t0.49633615552728433\n1\t2\n35\t11\n82\t18\n1\t2\n77\t51\n29\t33\n1\t2\n16\t49\n51\t60\n1\t2\n32\t51\t5\n57\t59\t14\n1\t2\n43\t39\t92\n19\t41\t84\n1\t2\n64\t25\n57\t90\n1\t2\n11\t43\t13\t51\n31\t42\t98\t80\n1\t2\n1\t90\t75\t77\n78\t27\t10\t62", "case": {"lowerRanks": [1, 1, 1, 1, 1, 1, 1, 1], "upperRanks": [2, 2, 2, 2, 2, 2, 2, 2], "nCategories": 8, "ceiling": 1122, "maxWeight": 1028, "epsilon": 0.49633615552728433, "itemMatrix": [[[35, 82], [11, 18]], [[77, 29], [51, 33]], [[16, 51], [49, 60]], [[32, 57], [51, 59], [5, 14]], [[43, 19], [39, 41], [92, 84]], [[64, 57], [25, 90]], [[11, 31], [43, 42], [13, 98], [51, 80]], [[1, 78], [90, 27], [75, 10], [77, 62]]]}}}