{"ceiling": 2703, "resultPaper": 5299, "resultNuestro": 1766, "timeTakenPaper": 76.93884062767029, "timeTakenNosotros": 0.22199797630310059, "case": {"input": "4\t2805\t0.43142623395362756\n4\t9\n69\t89\t14\t32\t52\t43\t70\t74\t2\t71\t80\t100\t10\t70\t78\n83\t78\t5\t45\t49\t82\t4\t84\t46\t37\t13\t31\t82\t28\t56\n9\t10\n6\t85\t45\t19\t35\t8\t18\t90\t43\t62\t21\t91\n94\t65\t78\t42\t32\t71\t69\t100\t29\t91\t60\t28\n1\t9\n50\t69\t17\t41\t74\t75\t84\t56\t88\t38\t36\t22\t100\t8\t16\t65\t71\n62\t89\t8\t40\t33\t42\t1\t55\t32\t63\t79\t45\t19\t1\t82\t42\t40\n2\t6\n39\t67\t56\t94\t79\t1\t88\t50\t16\n31\t49\t37\t72\t77\t7\t59\t81\t75", "case": {"lowerRanks": [4, 9, 1, 2], "upperRanks": [9, 10, 9, 6], "nCategories": 4, "ceiling": 2703, "maxWeight": 2805, "epsilon": 0.43142623395362756, "itemMatrix": [[[69, 83], [89, 78], [14, 5], [32, 45], [52, 49], [43, 82], [70, 4], [74, 84], [2, 46], [71, 37], [80, 13], [100, 31], [10, 82], [70, 28], [78, 56]], [[6, 94], [85, 65], [45, 78], [19, 42], [35, 32], [8, 71], [18, 69], [90, 100], [43, 29], [62, 91], [21, 60], [91, 28]], [[50, 62], [69, 89], [17, 8], [41, 40], [74, 33], [75, 42], [84, 1], [56, 55], [88, 32], [38, 63], [36, 79], [22, 45], [100, 19], [8, 1], [16, 82], [65, 42], [71, 40]], [[39, 31], [67, 49], [56, 37], [94, 72], [79, 77], [1, 7], [88, 59], [50, 81], [16, 75]]]}}}