{"ceiling": 1213, "resultPaper": 2499, "resultNuestro": 711, "timeTakenPaper": 2.02199649810791, "timeTakenNosotros": 0.5859980583190918, "case": {"input": "3\t1483\t0.681386173092437\n2\t7\n100\t67\t94\t9\t47\t72\t83\n3\t96\t55\t6\t35\t67\t25\n3\t5\n14\t14\t76\t51\t2\t72\t89\t46\t77\n56\t22\t29\t76\t52\t36\t1\t83\t71\n4\t6\n71\t42\t88\t37\t2\t25\t66\t54\t99\n25\t95\t32\t21\t10\t95\t32\t100\t90", "case": {"lowerRanks": [2, 3, 4], "upperRanks": [7, 5, 6], "nCategories": 3, "ceiling": 1213, "maxWeight": 1483, "epsilon": 0.681386173092437, "itemMatrix": [[[100, 3], [67, 96], [94, 55], [9, 6], [47, 35], [72, 67], [83, 25]], [[14, 56], [14, 22], [76, 29], [51, 76], [2, 52], [72, 36], [89, 1], [46, 83], [77, 71]], [[71, 25], [42, 95], [88, 32], [37, 21], [2, 10], [25, 95], [66, 32], [54, 100], [99, 90]]]}}}