{"ceiling": 1478, "resultPaper": 0, "resultNuestro": 863, "timeTakenPaper": 5.843860149383545, "timeTakenNosotros": 0.30100011825561523, "case": {"input": "6\t1613\t0.47295169745580334\n3\t5\n11\t65\t94\t73\t22\t15\n75\t31\t6\t22\t88\t12\n1\t2\n53\t22\t3\t66\t5\n92\t44\t67\t84\t46\n3\t5\n29\t39\t71\t95\t15\t75\t38\n94\t41\t96\t57\t54\t43\t11\n1\t2\n64\t98\n50\t9\n1\t3\n91\t28\t96\t37\n14\t13\t28\t77\n2\t3\n66\t55\t88\t15\t48\t24\t79\t21\n40\t66\t7\t52\t15\t54\t11\t79", "case": {"lowerRanks": [3, 1, 3, 1, 1, 2], "upperRanks": [5, 2, 5, 2, 3, 3], "nCategories": 6, "ceiling": 1478, "maxWeight": 1613, "epsilon": 0.47295169745580334, "itemMatrix": [[[11, 75], [65, 31], [94, 6], [73, 22], [22, 88], [15, 12]], [[53, 92], [22, 44], [3, 67], [66, 84], [5, 46]], [[29, 94], [39, 41], [71, 96], [95, 57], [15, 54], [75, 43], [38, 11]], [[64, 50], [98, 9]], [[91, 14], [28, 13], [96, 28], [37, 77]], [[66, 40], [55, 66], [88, 7], [15, 52], [48, 15], [24, 54], [79, 11], [21, 79]]]}}}