{"ceiling": 3577, "resultPaper": 7919, "resultNuestro": 2019, "timeTakenPaper": 178.8117320537567, "timeTakenNosotros": 0.31600117683410645, "case": {"input": "8\t4075\t0.7320496595273844\n3\t4\n56\t60\t22\t23\t82\t9\t33\t38\t69\t55\t38\t37\n51\t53\t88\t57\t42\t40\t5\t34\t2\t81\t72\t78\n7\t8\n64\t42\t33\t89\t13\t58\t84\t56\n39\t21\t12\t82\t68\t5\t11\t11\n2\t4\n35\t52\t50\t44\t64\t19\t72\t35\n48\t72\t20\t49\t27\t68\t37\t5\n2\t5\n42\t83\t39\t99\t39\t95\t33\n31\t90\t44\t77\t35\t17\t96\n1\t5\n21\t92\t47\t84\t53\t30\t69\t69\n57\t77\t8\t46\t90\t65\t31\t78\n6\t8\n7\t96\t24\t18\t90\t63\t40\t50\t71\t71\t20\n33\t80\t14\t26\t36\t62\t72\t55\t85\t69\t11\n6\t8\n23\t65\t48\t57\t17\t42\t13\t97\t76\t6\t95\t26\t47\n8\t32\t23\t14\t79\t53\t18\t84\t31\t65\t2\t37\t98\n3\t5\n32\t13\t93\t93\t61\t58\t47\t44\t81\t21\t18\t49\t35\n48\t29\t30\t46\t86\t32\t23\t22\t1\t20\t30\t4\t99", "case": {"lowerRanks": [3, 7, 2, 2, 1, 6, 6, 3], "upperRanks": [4, 8, 4, 5, 5, 8, 8, 5], "nCategories": 8, "ceiling": 3577, "maxWeight": 4075, "epsilon": 0.7320496595273844, "itemMatrix": [[[56, 51], [60, 53], [22, 88], [23, 57], [82, 42], [9, 40], [33, 5], [38, 34], [69, 2], [55, 81], [38, 72], [37, 78]], [[64, 39], [42, 21], [33, 12], [89, 82], [13, 68], [58, 5], [84, 11], [56, 11]], [[35, 48], [52, 72], [50, 20], [44, 49], [64, 27], [19, 68], [72, 37], [35, 5]], [[42, 31], [83, 90], [39, 44], [99, 77], [39, 35], [95, 17], [33, 96]], [[21, 57], [92, 77], [47, 8], [84, 46], [53, 90], [30, 65], [69, 31], [69, 78]], [[7, 33], [96, 80], [24, 14], [18, 26], [90, 36], [63, 62], [40, 72], [50, 55], [71, 85], [71, 69], [20, 11]], [[23, 8], [65, 32], [48, 23], [57, 14], [17, 79], [42, 53], [13, 18], [97, 84], [76, 31], [6, 65], [95, 2], [26, 37], [47, 98]], [[32, 48], [13, 29], [93, 30], [93, 46], [61, 86], [58, 32], [47, 23], [44, 22], [81, 1], [21, 20], [18, 30], [49, 4], [35, 99]]]}}}